Entry,Entry name,Status,Annotation,Cross-reference (DrugBank)
Q8NFT2,STEA2_HUMAN,reviewed,5 out of 5,
Q9BQ52,RNZ2_HUMAN,reviewed,5 out of 5,
O75387,LAT3_HUMAN,reviewed,5 out of 5,
Q6IWH7,ANO7_HUMAN,reviewed,5 out of 5,
Q96Q83,ALKB3_HUMAN,reviewed,5 out of 5,DB00126;
O15018,PDZD2_HUMAN,reviewed,5 out of 5,
Q9BZA8,PC11Y_HUMAN,reviewed,5 out of 5,
Q8IZP1,TBC3A_HUMAN,reviewed,5 out of 5,
O43581,SYT7_HUMAN,reviewed,5 out of 5,
Q96JT2,S45A3_HUMAN,reviewed,4 out of 5,
P0CG12,DERPC_HUMAN,reviewed,3 out of 5,
Q96KF2,PRAC1_HUMAN,reviewed,3 out of 5,
Q8K0H7,S45A3_MOUSE,reviewed,3 out of 5,
P10275,ANDR_HUMAN,reviewed,5 out of 5,DB07422;DB07039;DB04709;DB07717;DB07454;DB02932;DB08035;DB01481;DB08088;DB08461;DB08087;DB07421;DB01063;DB07423;DB11901;DB01128;DB07286;DB01541;DB14639;DB01564;DB12499;DB04839;DB01406;DB12941;DB09123;DB00255;DB06133;DB01395;DB00858;DB15488;DB11219;DB08899;DB13155;DB00655;DB09086;DB02266;DB01185;DB00623;DB00499;DB11619;DB11064;DB01026;DB15647;DB00367;DB08089;DB05234;DB13934;DB06710;DB02998;DB11429;DB00648;DB08804;DB00984;DB00665;DB06713;DB00717;DB09371;DB00957;DB09389;DB00621;DB01428;DB06412;DB01608;DB11447;DB01708;DB00396;DB07419;DB07769;DB14583;DB00421;DB02901;DB13951;DB06718;DB00675;DB00624;DB13943;DB13944;DB01420;DB13946;DB06870;DB08604;DB08867;
O96017,CHK2_HUMAN,reviewed,5 out of 5,DB06486;DB12010;DB05149;
P29323,EPHB2_HUMAN,reviewed,5 out of 5,DB12010;DB04395;
Q92826,HXB13_HUMAN,reviewed,5 out of 5,
P21757,MSRE_HUMAN,reviewed,5 out of 5,
Q5VWQ8,DAB2P_HUMAN,reviewed,5 out of 5,
P08118,MSMB_HUMAN,reviewed,5 out of 5,
Q7Z2W7,TRPM8_HUMAN,reviewed,5 out of 5,DB11345;DB01744;DB09061;DB00825;DB14009;DB14011;DB11755;
P60484,PTEN_HUMAN,reviewed,5 out of 5,DB04327;
Q05823,RN5A_HUMAN,reviewed,5 out of 5,
Q99612,KLF6_HUMAN,reviewed,5 out of 5,
Q3UHC7,DAB2P_MOUSE,reviewed,5 out of 5,
P35680,HNF1B_HUMAN,reviewed,5 out of 5,
A0A6G0IYK3,A0A6G0IYK3_LARCR,unreviewed,1 out of 5,
H6WAZ8,H6WAZ8_9GAMR,unreviewed,1 out of 5,
A0A132NZN4,A0A132NZN4_GIAIN,unreviewed,1 out of 5,
Q4JM46,Q4JM46_HUMAN,unreviewed,2 out of 5,
A2RQD9,A2RQD9_HUMAN,unreviewed,1 out of 5,
B1GRN1,B1GRN1_HUMAN,unreviewed,1 out of 5,
A0FGV1,A0FGV1_HUMAN,unreviewed,1 out of 5,
E9PJF4,E9PJF4_HUMAN,unreviewed,3 out of 5,
G4VV16,G4VV16_HUMAN,unreviewed,2 out of 5,
S5G6C5,S5G6C5_HUMAN,unreviewed,1 out of 5,
F5H369,F5H369_HUMAN,unreviewed,2 out of 5,
E9PI39,E9PI39_HUMAN,unreviewed,1 out of 5,
B2XL89,B2XL89_HUMAN,unreviewed,3 out of 5,
Q4ZEA0,Q4ZEA0_HUMAN,unreviewed,2 out of 5,
E5FWN9,E5FWN9_HUMAN,unreviewed,2 out of 5,
H9EC08,H9EC08_HUMAN,unreviewed,3 out of 5,
Q9B1D3,Q9B1D3_HUMAN,unreviewed,2 out of 5,
Q2LHU9,Q2LHU9_HUMAN,unreviewed,3 out of 5,
A6Z5Z1,A6Z5Z1_HUMAN,unreviewed,3 out of 5,
Q9B186,Q9B186_HUMAN,unreviewed,2 out of 5,
Q4GV90,Q4GV90_HUMAN,unreviewed,3 out of 5,
U5Z487,U5Z487_HUMAN,unreviewed,3 out of 5,
Q7GXZ4,Q7GXZ4_HUMAN,unreviewed,3 out of 5,
H0YEV2,H0YEV2_HUMAN,unreviewed,1 out of 5,
H0YJ03,H0YJ03_HUMAN,unreviewed,1 out of 5,
E7EVA0,E7EVA0_HUMAN,unreviewed,2 out of 5,
A0A3G5AUD6,A0A3G5AUD6_HUMAN,unreviewed,2 out of 5,
S5GGH7,S5GGH7_HUMAN,unreviewed,2 out of 5,
B7U472,B7U472_HUMAN,unreviewed,1 out of 5,
D7PBN3,D7PBN3_HUMAN,unreviewed,2 out of 5,
C7SRP8,C7SRP8_HUMAN,unreviewed,1 out of 5,
S5G7E5,S5G7E5_HUMAN,unreviewed,2 out of 5,
A0A3G5AU08,A0A3G5AU08_HUMAN,unreviewed,2 out of 5,
L7XTN8,L7XTN8_HUMAN,unreviewed,2 out of 5,
Q85KW6,Q85KW6_HUMAN,unreviewed,2 out of 5,
Q85KU7,Q85KU7_HUMAN,unreviewed,3 out of 5,
L7UQJ2,L7UQJ2_HUMAN,unreviewed,2 out of 5,
H0Y449,H0Y449_HUMAN,unreviewed,2 out of 5,
Q9B0N1,Q9B0N1_HUMAN,unreviewed,2 out of 5,
E5RJY1,E5RJY1_HUMAN,unreviewed,2 out of 5,
Q4EYP3,Q4EYP3_HUMAN,unreviewed,3 out of 5,
Q9B2Y2,Q9B2Y2_HUMAN,unreviewed,3 out of 5,
Q4G7D5,Q4G7D5_HUMAN,unreviewed,3 out of 5,
E7EQZ4,E7EQZ4_HUMAN,unreviewed,2 out of 5,
A0A0C4MWS3,A0A0C4MWS3_HUMAN,unreviewed,1 out of 5,
A0A7R6V2A8,A0A7R6V2A8_HUMAN,unreviewed,1 out of 5,
Q4VFA1,Q4VFA1_HUMAN,unreviewed,2 out of 5,
Q6VKB6,Q6VKB6_HUMAN,unreviewed,3 out of 5,
Q4GJP1,Q4GJP1_HUMAN,unreviewed,3 out of 5,
E9PQ49,E9PQ49_HUMAN,unreviewed,1 out of 5,
Q6VLV1,Q6VLV1_HUMAN,unreviewed,3 out of 5,
E9PKI6,E9PKI6_HUMAN,unreviewed,2 out of 5,
Q6VHB3,Q6VHB3_HUMAN,unreviewed,3 out of 5,
Q2HKI3,Q2HKI3_HUMAN,unreviewed,2 out of 5,
A0A087X1X7,A0A087X1X7_HUMAN,unreviewed,2 out of 5,
U5Z754,U5Z754_HUMAN,unreviewed,3 out of 5,
Q15H53,Q15H53_HUMAN,unreviewed,2 out of 5,
U5YWV7,U5YWV7_HUMAN,unreviewed,3 out of 5,
Q6VIA4,Q6VIA4_HUMAN,unreviewed,3 out of 5,
Q4F1A0,Q4F1A0_HUMAN,unreviewed,2 out of 5,
Q6RRX7,Q6RRX7_HUMAN,unreviewed,2 out of 5,
Q9B1K0,Q9B1K0_HUMAN,unreviewed,3 out of 5,
E9PL12,E9PL12_HUMAN,unreviewed,1 out of 5,
E5FW64,E5FW64_HUMAN,unreviewed,2 out of 5,
Q9B2W5,Q9B2W5_HUMAN,unreviewed,3 out of 5,
Q6VIM0,Q6VIM0_HUMAN,unreviewed,2 out of 5,
Q85L02,Q85L02_HUMAN,unreviewed,2 out of 5,
Q6T424,Q6T424_HUMAN,unreviewed,1 out of 5,
A6Z3V4,A6Z3V4_HUMAN,unreviewed,2 out of 5,
Q85KU2,Q85KU2_HUMAN,unreviewed,2 out of 5,
Q32WJ6,Q32WJ6_HUMAN,unreviewed,1 out of 5,
Q9B0N2,Q9B0N2_HUMAN,unreviewed,2 out of 5,
Q9B1R0,Q9B1R0_HUMAN,unreviewed,3 out of 5,
G9LGH0,G9LGH0_HUMAN,unreviewed,2 out of 5,
Q8WCY4,Q8WCY4_HUMAN,unreviewed,2 out of 5,
B4E1E0,B4E1E0_HUMAN,unreviewed,3 out of 5,
Q6VJ80,Q6VJ80_HUMAN,unreviewed,3 out of 5,
U5ZC31,U5ZC31_HUMAN,unreviewed,3 out of 5,
B4DP61,B4DP61_HUMAN,unreviewed,2 out of 5,DB13161;
Q94P44,Q94P44_HUMAN,unreviewed,2 out of 5,
E5FWR5,E5FWR5_HUMAN,unreviewed,2 out of 5,
A0A343LL07,A0A343LL07_HUMAN,unreviewed,3 out of 5,
U5YV54,U5YV54_HUMAN,unreviewed,2 out of 5,
Q9B1L5,Q9B1L5_HUMAN,unreviewed,2 out of 5,
Q15H01,Q15H01_HUMAN,unreviewed,2 out of 5,
Q8HAS6,Q8HAS6_HUMAN,unreviewed,3 out of 5,
Q7YCE2,Q7YCE2_HUMAN,unreviewed,3 out of 5,
Q4EZS0,Q4EZS0_HUMAN,unreviewed,3 out of 5,
Q8WCW8,Q8WCW8_HUMAN,unreviewed,2 out of 5,
A0A1W2PQ43,A0A1W2PQ43_HUMAN,unreviewed,2 out of 5,
Q9B1F9,Q9B1F9_HUMAN,unreviewed,2 out of 5,
Q4GI58,Q4GI58_HUMAN,unreviewed,3 out of 5,
L7XTV0,L7XTV0_HUMAN,unreviewed,2 out of 5,
Q6VH98,Q6VH98_HUMAN,unreviewed,2 out of 5,
C9JZW3,C9JZW3_HUMAN,unreviewed,2 out of 5,
A1Z4K5,A1Z4K5_HUMAN,unreviewed,3 out of 5,
Q6VRU4,Q6VRU4_HUMAN,unreviewed,1 out of 5,
Q96P90,Q96P90_HUMAN,unreviewed,1 out of 5,
C3U2T1,C3U2T1_HUMAN,unreviewed,1 out of 5,
S5G6D4,S5G6D4_HUMAN,unreviewed,2 out of 5,
E9PQZ1,E9PQZ1_HUMAN,unreviewed,2 out of 5,
Q8W7V3,Q8W7V3_HUMAN,unreviewed,2 out of 5,
I1SRC5,I1SRC5_HUMAN,unreviewed,2 out of 5,
Q5RI18,Q5RI18_HUMAN,unreviewed,1 out of 5,
Q5S8X0,Q5S8X0_HUMAN,unreviewed,2 out of 5,
Q4GGG0,Q4GGG0_HUMAN,unreviewed,3 out of 5,
A6YW69,A6YW69_HUMAN,unreviewed,2 out of 5,
Q85KW5,Q85KW5_HUMAN,unreviewed,2 out of 5,
Q9GZR0,Q9GZR0_HUMAN,unreviewed,1 out of 5,
H3BNA1,H3BNA1_HUMAN,unreviewed,2 out of 5,
Q96P89,Q96P89_HUMAN,unreviewed,1 out of 5,
Q4KRP5,Q4KRP5_HUMAN,unreviewed,1 out of 5,
A0A5B8NGJ8,A0A5B8NGJ8_HUMAN,unreviewed,1 out of 5,
B4DDC6,B4DDC6_HUMAN,unreviewed,1 out of 5,
Q9B1S7,Q9B1S7_HUMAN,unreviewed,2 out of 5,
Q4F387,Q4F387_HUMAN,unreviewed,3 out of 5,
S5G498,S5G498_HUMAN,unreviewed,2 out of 5,
E5FWC0,E5FWC0_HUMAN,unreviewed,2 out of 5,
Q6RQR1,Q6RQR1_HUMAN,unreviewed,2 out of 5,
A9UGY9,A9UGY9_HUMAN,unreviewed,5 out of 5,
C0JKD5,C0JKD5_HUMAN,unreviewed,2 out of 5,
Q8W8U1,Q8W8U1_HUMAN,unreviewed,3 out of 5,
D7RF68,D7RF68_HUMAN,unreviewed,2 out of 5,
Q6JH03,Q6JH03_HUMAN,unreviewed,1 out of 5,
B2XMC8,B2XMC8_HUMAN,unreviewed,2 out of 5,
Q9B105,Q9B105_HUMAN,unreviewed,3 out of 5,
O78759,O78759_HUMAN,unreviewed,2 out of 5,
Q85KU3,Q85KU3_HUMAN,unreviewed,2 out of 5,
Q9T3Q5,Q9T3Q5_HUMAN,unreviewed,2 out of 5,
L7UMD8,L7UMD8_HUMAN,unreviewed,1 out of 5,
B2XLI5,B2XLI5_HUMAN,unreviewed,3 out of 5,
Q4GUF2,Q4GUF2_HUMAN,unreviewed,2 out of 5,
Q32WM2,Q32WM2_HUMAN,unreviewed,1 out of 5,
U5ZAD9,U5ZAD9_HUMAN,unreviewed,2 out of 5,
E9PK91,E9PK91_HUMAN,unreviewed,2 out of 5,
A0A1W2PP35,A0A1W2PP35_HUMAN,unreviewed,1 out of 5,
Q96KD7,Q96KD7_HUMAN,unreviewed,2 out of 5,
Q9NP35,Q9NP35_HUMAN,unreviewed,1 out of 5,
Q0P6N5,Q0P6N5_HUMAN,unreviewed,1 out of 5,
Q15HG3,Q15HG3_HUMAN,unreviewed,2 out of 5,
E9PK06,E9PK06_HUMAN,unreviewed,1 out of 5,
Q4GRH9,Q4GRH9_HUMAN,unreviewed,2 out of 5,
Q9UBL5,Q9UBL5_HUMAN,unreviewed,1 out of 5,
Q6VHF3,Q6VHF3_HUMAN,unreviewed,3 out of 5,
Q4GDL9,Q4GDL9_HUMAN,unreviewed,3 out of 5,
A0A3G5ASV1,A0A3G5ASV1_HUMAN,unreviewed,2 out of 5,
A0A1W2PPS1,A0A1W2PPS1_HUMAN,unreviewed,1 out of 5,
Q9B2U1,Q9B2U1_HUMAN,unreviewed,3 out of 5,
D2Y5Y5,D2Y5Y5_HUMAN,unreviewed,2 out of 5,
Q672R2,Q672R2_HUMAN,unreviewed,1 out of 5,
B0EWB5,B0EWB5_HUMAN,unreviewed,2 out of 5,
A0A3G5AUZ2,A0A3G5AUZ2_HUMAN,unreviewed,2 out of 5,
A0A087WUY2,A0A087WUY2_HUMAN,unreviewed,1 out of 5,
Q4ZFF5,Q4ZFF5_HUMAN,unreviewed,3 out of 5,
L7XV77,L7XV77_HUMAN,unreviewed,2 out of 5,
Q9B2U3,Q9B2U3_HUMAN,unreviewed,2 out of 5,
Q8WCW9,Q8WCW9_HUMAN,unreviewed,3 out of 5,
C7SRP7,C7SRP7_HUMAN,unreviewed,1 out of 5,
H7BXY1,H7BXY1_HUMAN,unreviewed,1 out of 5,
S5G7D6,S5G7D6_HUMAN,unreviewed,2 out of 5,
H7C456,H7C456_HUMAN,unreviewed,2 out of 5,
Q7Z6P5,Q7Z6P5_HUMAN,unreviewed,1 out of 5,
Q4KRN4,Q4KRN4_HUMAN,unreviewed,1 out of 5,
E9PK09,E9PK09_HUMAN,unreviewed,2 out of 5,
A0A1W2PRV5,A0A1W2PRV5_HUMAN,unreviewed,2 out of 5,
Q6VI47,Q6VI47_HUMAN,unreviewed,3 out of 5,
S5GGH1,S5GGH1_HUMAN,unreviewed,1 out of 5,
Q7GXU0,Q7GXU0_HUMAN,unreviewed,2 out of 5,
Q4KR72,Q4KR72_HUMAN,unreviewed,1 out of 5,
D7PBN4,D7PBN4_HUMAN,unreviewed,1 out of 5,
S5G6D0,S5G6D0_HUMAN,unreviewed,2 out of 5,
E9PPR1,E9PPR1_HUMAN,unreviewed,1 out of 5,
Q6QQE4,Q6QQE4_HUMAN,unreviewed,1 out of 5,
D2KF13,D2KF13_HUMAN,unreviewed,2 out of 5,
S5GDT0,S5GDT0_HUMAN,unreviewed,2 out of 5,
E5FWK8,E5FWK8_HUMAN,unreviewed,2 out of 5,
B1GRN0,B1GRN0_HUMAN,unreviewed,1 out of 5,
G8XWS8,G8XWS8_HUMAN,unreviewed,1 out of 5,
S5G4A2,S5G4A2_HUMAN,unreviewed,2 out of 5,
A0A087WUT6,A0A087WUT6_HUMAN,unreviewed,2 out of 5,
B3F166,B3F166_HUMAN,unreviewed,1 out of 5,
B2Y833,B2Y833_HUMAN,unreviewed,1 out of 5,
Q32WI7,Q32WI7_HUMAN,unreviewed,1 out of 5,
Q9B1J9,Q9B1J9_HUMAN,unreviewed,3 out of 5,
Q7GXT4,Q7GXT4_HUMAN,unreviewed,3 out of 5,
Q8WCW3,Q8WCW3_HUMAN,unreviewed,2 out of 5,
H9AA27,H9AA27_HUMAN,unreviewed,1 out of 5,
Q32WN1,Q32WN1_HUMAN,unreviewed,1 out of 5,
A0A3G5ASN7,A0A3G5ASN7_HUMAN,unreviewed,2 out of 5,
Q6RN54,Q6RN54_HUMAN,unreviewed,2 out of 5,
A0A1W2PS55,A0A1W2PS55_HUMAN,unreviewed,1 out of 5,
A7XTX6,A7XTX6_HUMAN,unreviewed,3 out of 5,
Q7YEF2,Q7YEF2_HUMAN,unreviewed,3 out of 5,
Q9B0M9,Q9B0M9_HUMAN,unreviewed,3 out of 5,
E5FW52,E5FW52_HUMAN,unreviewed,2 out of 5,
Q6VK00,Q6VK00_HUMAN,unreviewed,2 out of 5,
Q9B1M4,Q9B1M4_HUMAN,unreviewed,2 out of 5,
Q9GZM4,Q9GZM4_HUMAN,unreviewed,1 out of 5,
Q6VHS6,Q6VHS6_HUMAN,unreviewed,3 out of 5,
G3V4X5,G3V4X5_HUMAN,unreviewed,1 out of 5,
A0A5P8NAS4,A0A5P8NAS4_HUMAN,unreviewed,3 out of 5,
A0A7R6V2A9,A0A7R6V2A9_HUMAN,unreviewed,1 out of 5,
A0FGV4,A0FGV4_HUMAN,unreviewed,1 out of 5,
Q9T9Y1,Q9T9Y1_HUMAN,unreviewed,3 out of 5,
A0A3G5AU89,A0A3G5AU89_HUMAN,unreviewed,2 out of 5,
Q9HAS7,Q9HAS7_HUMAN,unreviewed,1 out of 5,
S5G494,S5G494_HUMAN,unreviewed,2 out of 5,
S5GGI0,S5GGI0_HUMAN,unreviewed,2 out of 5,
G8XV63,G8XV63_HUMAN,unreviewed,1 out of 5,
A0A1W2PRI6,A0A1W2PRI6_HUMAN,unreviewed,1 out of 5,
O95694,O95694_HUMAN,unreviewed,1 out of 5,
Q96RV2,Q96RV2_HUMAN,unreviewed,1 out of 5,
Q96P91,Q96P91_HUMAN,unreviewed,1 out of 5,
E9PRY8,E9PRY8_HUMAN,unreviewed,2 out of 5,
Q85KZ5,Q85KZ5_HUMAN,unreviewed,2 out of 5,
F1AJX2,F1AJX2_HUMAN,unreviewed,2 out of 5,
E9PK01,E9PK01_HUMAN,unreviewed,2 out of 5,
C1KR23,C1KR23_HUMAN,unreviewed,2 out of 5,
Q6RLZ4,Q6RLZ4_HUMAN,unreviewed,2 out of 5,
Q8WCW5,Q8WCW5_HUMAN,unreviewed,2 out of 5,
G5E972,G5E972_HUMAN,unreviewed,2 out of 5,
H9Q1E3,H9Q1E3_HUMAN,unreviewed,2 out of 5,
H0YCD9,H0YCD9_HUMAN,unreviewed,1 out of 5,
C9JZR2,C9JZR2_HUMAN,unreviewed,2 out of 5,
G8XWS9,G8XWS9_HUMAN,unreviewed,1 out of 5,
C0JKD7,C0JKD7_HUMAN,unreviewed,2 out of 5,
Q4KRK2,Q4KRK2_HUMAN,unreviewed,1 out of 5,
Q4KRP2,Q4KRP2_HUMAN,unreviewed,1 out of 5,
A0FGX0,A0FGX0_HUMAN,unreviewed,1 out of 5,
A0A7R6V286,A0A7R6V286_HUMAN,unreviewed,1 out of 5,
C1IK54,C1IK54_HUMAN,unreviewed,1 out of 5,
S5G7D9,S5G7D9_HUMAN,unreviewed,2 out of 5,
Q9P1T0,Q9P1T0_HUMAN,unreviewed,1 out of 5,
Q6S4P6,Q6S4P6_HUMAN,unreviewed,1 out of 5,
A1E2J9,A1E2J9_HUMAN,unreviewed,1 out of 5,
C0JKD6,C0JKD6_HUMAN,unreviewed,2 out of 5,
Q6PNN2,Q6PNN2_HUMAN,unreviewed,1 out of 5,
J3KQ69,J3KQ69_HUMAN,unreviewed,3 out of 5,
H7C1J8,H7C1J8_HUMAN,unreviewed,1 out of 5,
A0A3G5ATT1,A0A3G5ATT1_HUMAN,unreviewed,2 out of 5,
Q9B2U2,Q9B2U2_HUMAN,unreviewed,2 out of 5,
Q7GIM7,Q7GIM7_HUMAN,unreviewed,2 out of 5,
V5L973,V5L973_HUMAN,unreviewed,2 out of 5,
L7XV85,L7XV85_HUMAN,unreviewed,3 out of 5,
Q6RLU8,Q6RLU8_HUMAN,unreviewed,2 out of 5,
E5QC91,E5QC91_HUMAN,unreviewed,2 out of 5,
Q6SZ90,Q6SZ90_HUMAN,unreviewed,1 out of 5,
V9TLK5,V9TLK5_HUMAN,unreviewed,1 out of 5,
A0SBQ0,A0SBQ0_HUMAN,unreviewed,3 out of 5,
Q4F196,Q4F196_HUMAN,unreviewed,2 out of 5,
Q4KRP8,Q4KRP8_HUMAN,unreviewed,1 out of 5,
E9PQN2,E9PQN2_HUMAN,unreviewed,2 out of 5,
Q6VRU3,Q6VRU3_HUMAN,unreviewed,1 out of 5,
C9J5V9,C9J5V9_HUMAN,unreviewed,2 out of 5,
L7UQD0,L7UQD0_HUMAN,unreviewed,1 out of 5,
Q6JH02,Q6JH02_HUMAN,unreviewed,1 out of 5,
A0A0C4MVT1,A0A0C4MVT1_HUMAN,unreviewed,1 out of 5,
Q6VJ16,Q6VJ16_HUMAN,unreviewed,2 out of 5,
A0FGW6,A0FGW6_HUMAN,unreviewed,1 out of 5,
Q7GXY9,Q7GXY9_HUMAN,unreviewed,3 out of 5,
Q4F0B4,Q4F0B4_HUMAN,unreviewed,2 out of 5,
Q85BK7,Q85BK7_HUMAN,unreviewed,2 out of 5,
Q85KU5,Q85KU5_HUMAN,unreviewed,2 out of 5,
A6Z655,A6Z655_HUMAN,unreviewed,2 out of 5,
Q4KRI2,Q4KRI2_HUMAN,unreviewed,1 out of 5,
Q4F0F4,Q4F0F4_HUMAN,unreviewed,3 out of 5,
Q6U7I7,Q6U7I7_HUMAN,unreviewed,1 out of 5,
S5GDS5,S5GDS5_HUMAN,unreviewed,2 out of 5,
Q9P1T1,Q9P1T1_HUMAN,unreviewed,1 out of 5,
Q4KRM8,Q4KRM8_HUMAN,unreviewed,1 out of 5,
Q0VV07,Q0VV07_HUMAN,unreviewed,2 out of 5,
A0A087WYT3,A0A087WYT3_HUMAN,unreviewed,1 out of 5,
F5H7Y7,F5H7Y7_HUMAN,unreviewed,1 out of 5,
Q32WJ3,Q32WJ3_HUMAN,unreviewed,1 out of 5,
A0A3G5ASZ0,A0A3G5ASZ0_HUMAN,unreviewed,3 out of 5,
E7ESM1,E7ESM1_HUMAN,unreviewed,2 out of 5,
S5GDS0,S5GDS0_HUMAN,unreviewed,1 out of 5,
Q0P6N4,Q0P6N4_HUMAN,unreviewed,1 out of 5,
A0A6J3ARZ5,A0A6J3ARZ5_VICPA,unreviewed,1 out of 5,
Q0ZNK3,Q0ZNK3_MOUSE,unreviewed,1 out of 5,
Q8VBZ2,Q8VBZ2_MOUSE,unreviewed,1 out of 5,
O35307,O35307_MOUSE,unreviewed,1 out of 5,
A0A0F6QPI4,A0A0F6QPI4_9RHAB,unreviewed,1 out of 5,
A6H4P4,A6H4P4_9RHAB,unreviewed,1 out of 5,
A0A0F6T5L0,A0A0F6T5L0_9RHAB,unreviewed,4 out of 5,
A6H4P1,A6H4P1_9RHAB,unreviewed,2 out of 5,
A0A0F6QPH0,A0A0F6QPH0_9RHAB,unreviewed,1 out of 5,
A6H4P2,A6H4P2_9RHAB,unreviewed,2 out of 5,
A0A0F6QPH3,A0A0F6QPH3_9RHAB,unreviewed,1 out of 5,
A0A0F6QME7,A0A0F6QME7_9RHAB,unreviewed,2 out of 5,
A6H4P5,A6H4P5_9RHAB,unreviewed,4 out of 5,
E1F414,E1F414_GIAIA,unreviewed,1 out of 5,
C6LNV2,C6LNV2_GIAIB,unreviewed,1 out of 5,
A8BTH9,A8BTH9_GIAIC,unreviewed,1 out of 5,
F2QL72,F2QL72_9GAMR,unreviewed,1 out of 5,
D5L9K2,D5L9K2_9GAMR,unreviewed,1 out of 5,
D5L9K1,D5L9K1_9GAMR,unreviewed,1 out of 5,
H6WB04,H6WB04_9GAMR,unreviewed,1 out of 5,
D5L9L4,D5L9L4_9GAMR,unreviewed,1 out of 5,
D5L9K8,D5L9K8_9GAMR,unreviewed,1 out of 5,
A0A0F6QMA2,A0A0F6QMA2_9RHAB,unreviewed,2 out of 5,
A0A6G1PGH8,A0A6G1PGH8_9TELE,unreviewed,1 out of 5,
E5FWB6,E5FWB6_HUMAN,unreviewed,2 out of 5,
A0A3G5ATG7,A0A3G5ATG7_HUMAN,unreviewed,2 out of 5,
Q9B0V1,Q9B0V1_HUMAN,unreviewed,3 out of 5,
Q4G7F8,Q4G7F8_HUMAN,unreviewed,3 out of 5,
C9JLB1,C9JLB1_HUMAN,unreviewed,2 out of 5,
Q9B2Z1,Q9B2Z1_HUMAN,unreviewed,2 out of 5,
C8XZH6,C8XZH6_HUMAN,unreviewed,2 out of 5,
Q4F4R7,Q4F4R7_HUMAN,unreviewed,2 out of 5,
A0A3G5ATK3,A0A3G5ATK3_HUMAN,unreviewed,3 out of 5,
Q15HH9,Q15HH9_HUMAN,unreviewed,2 out of 5,
Q6VIL5,Q6VIL5_HUMAN,unreviewed,3 out of 5,
Q9B185,Q9B185_HUMAN,unreviewed,2 out of 5,
U5Z977,U5Z977_HUMAN,unreviewed,3 out of 5,
A0A3G5ATA1,A0A3G5ATA1_HUMAN,unreviewed,2 out of 5,
P57096,PSCA_MOUSE,reviewed,3 out of 5,
P52631,STAT3_RAT,reviewed,5 out of 5,
Q14247,SRC8_HUMAN,reviewed,5 out of 5,
Q8BNE1,TCAF1_MOUSE,reviewed,3 out of 5,
P31213,S5A2_HUMAN,reviewed,5 out of 5,DB00548;DB01126;DB01216;DB00741;DB00717;DB00421;DB13943;DB13944;DB01420;DB13946;
Q92791,SC65_HUMAN,reviewed,5 out of 5,
Q658P3,STEA3_HUMAN,reviewed,5 out of 5,
O75452,RDH16_HUMAN,reviewed,5 out of 5,
P00747,PLMN_HUMAN,reviewed,5 out of 5,DB00009;DB00513;DB00029;DB06692;DB03709;DB09130;DB04925;DB12831;DB00015;DB00086;DB00031;DB00302;DB00013;
B2RU33,POTEC_HUMAN,reviewed,4 out of 5,
Q8BFQ3,OGR1_MOUSE,reviewed,5 out of 5,
Q5MJ09,SPXN3_HUMAN,reviewed,4 out of 5,
Q0ZNK1,SPXN3_PANTR,reviewed,2 out of 5,
Q5RKL5,STEA3_RAT,reviewed,5 out of 5,
P25490,TYY1_HUMAN,reviewed,5 out of 5,
Q9BT92,TCHP_HUMAN,reviewed,5 out of 5,
O43294,TGFI1_HUMAN,reviewed,5 out of 5,
Q9Y5N5,N6MT1_HUMAN,reviewed,5 out of 5,
Q86XT9,TM219_HUMAN,reviewed,4 out of 5,
Q9H777,RNZ1_HUMAN,reviewed,5 out of 5,
Q8VEB6,RNZ1_MOUSE,reviewed,4 out of 5,
Q9GL73,RNZ2_GORGO,reviewed,3 out of 5,
Q8HY87,RNZ2_MACFA,reviewed,3 out of 5,
Q80Y81,RNZ2_MOUSE,reviewed,4 out of 5,
Q9GL72,RNZ2_PANTR,reviewed,4 out of 5,
Q8CGS5,RNZ2_RAT,reviewed,4 out of 5,
Q9NY87,SPNXC_HUMAN,reviewed,3 out of 5,
A5PLK6,RGSL_HUMAN,reviewed,3 out of 5,
Q5VUG0,SMBT2_HUMAN,reviewed,5 out of 5,
Q9UEW8,STK39_HUMAN,reviewed,5 out of 5,DB12010;
P61635,STAT3_BOVIN,reviewed,5 out of 5,
Q6QGW5,SRA1_RAT,reviewed,5 out of 5,
O44476,RNZ_CAEEL,reviewed,5 out of 5,
Q8NFH8,REPS2_HUMAN,reviewed,5 out of 5,
P36159,RNZ_YEAST,reviewed,5 out of 5,
Q9BZQ2,SHP1L_HUMAN,reviewed,5 out of 5,
Q3TLD5,RMP_MOUSE,reviewed,5 out of 5,
O95470,SGPL1_HUMAN,reviewed,5 out of 5,DB00114;
Q92766,RREB1_HUMAN,reviewed,5 out of 5,
Q13228,SBP1_HUMAN,reviewed,5 out of 5,
P15390,SCN4A_RAT,reviewed,5 out of 5,
O95968,SG1D1_HUMAN,reviewed,5 out of 5,
O95969,SG1D2_HUMAN,reviewed,3 out of 5,
Q9NRC1,ST7_HUMAN,reviewed,5 out of 5,
Q19S50,STAT3_PIG,reviewed,5 out of 5,
Q9NS25,SPNXB_HUMAN,reviewed,4 out of 5,
Q921K8,TCAF2_MOUSE,reviewed,3 out of 5,
Q99523,SORT_HUMAN,reviewed,5 out of 5,
Q687X5,STEA4_HUMAN,reviewed,5 out of 5,
A5PJN5,TCAF1_BOVIN,reviewed,2 out of 5,
Q9UI30,TR112_HUMAN,reviewed,5 out of 5,
P55327,TPD52_HUMAN,reviewed,5 out of 5,
Q5HYI8,RABL3_HUMAN,reviewed,5 out of 5,
A6NFQ2,TCAF2_HUMAN,reviewed,5 out of 5,
Q9C0C2,TB182_HUMAN,reviewed,5 out of 5,
Q14694,UBP10_HUMAN,reviewed,5 out of 5,
O43653,PSCA_HUMAN,reviewed,5 out of 5,
P51991,ROA3_HUMAN,reviewed,5 out of 5,
Q2F7J0,POL_XMRV4,reviewed,5 out of 5,
Q9UHF7,TRPS1_HUMAN,reviewed,5 out of 5,
O94763,RMP_HUMAN,reviewed,5 out of 5,
C0HJF6,TY01_PHYSA,reviewed,3 out of 5,
Q9UMS6,SYNP2_HUMAN,reviewed,5 out of 5,
A6QLU7,TCAF2_BOVIN,reviewed,2 out of 5,
Q5R8R3,TCAF1_PONAB,reviewed,2 out of 5,
Q9HA47,UCK1_HUMAN,reviewed,5 out of 5,
P11473,VDR_HUMAN,reviewed,5 out of 5,DB07530;DB08742;DB01436;DB04891;DB00146;DB02300;DB00136;DB00169;DB04540;DB05024;DB11672;DB14635;DB01070;DB06410;DB05295;DB06194;DB00153;DB04796;DB03451;DB00910;DB04258;DB11094;
Q8TC12,RDH11_HUMAN,reviewed,5 out of 5,DB00162;
O15231,ZN185_HUMAN,reviewed,5 out of 5,
Q9BYX2,TBD2A_HUMAN,reviewed,5 out of 5,
P67809,YBOX1_HUMAN,reviewed,5 out of 5,
P57088,TMM33_HUMAN,reviewed,5 out of 5,
O75556,SG2A1_HUMAN,reviewed,5 out of 5,
Q9BXN6,SPNXD_HUMAN,reviewed,3 out of 5,
Q15942,ZYX_HUMAN,reviewed,5 out of 5,DB11638;
Q96T88,UHRF1_HUMAN,reviewed,5 out of 5,
O95365,ZBT7A_HUMAN,reviewed,5 out of 5,
Q8WW01,SEN15_HUMAN,reviewed,5 out of 5,
P70564,SPB5_RAT,reviewed,3 out of 5,
Q6AZZ1,TRI68_HUMAN,reviewed,5 out of 5,
Q96PM5,ZN363_HUMAN,reviewed,5 out of 5,
O75604,UBP2_HUMAN,reviewed,5 out of 5,
Q9H1D0,TRPV6_HUMAN,reviewed,5 out of 5,DB11093;DB11348;DB14481;
Q5MJ10,SPXN2_HUMAN,reviewed,5 out of 5,
P13693,TCTP_HUMAN,reviewed,5 out of 5,DB11093;DB11348;DB14481;
Q7Z2T5,TRM1L_HUMAN,reviewed,4 out of 5,
Q9BRR0,ZKSC3_HUMAN,reviewed,5 out of 5,
Q8IZW8,TENS4_HUMAN,reviewed,5 out of 5,
Q93009,UBP7_HUMAN,reviewed,5 out of 5,
P15692,VEGFA_HUMAN,reviewed,5 out of 5,DB05434;DB08885;DB00112;DB06642;DB14864;DB01136;DB09301;DB06779;DB05932;DB15303;DB10772;DB01120;DB01017;DB04895;DB03088;DB01270;DB05969;DB05294;DB05890;
O43825,B3GT2_HUMAN,reviewed,5 out of 5,
O06543,AMACR_MYCTU,reviewed,5 out of 5,
Q8N556,AFAP1_HUMAN,reviewed,5 out of 5,
Q8IZF7,AGRF2_HUMAN,reviewed,4 out of 5,
O97776,ANDR_EULFC,reviewed,5 out of 5,
O14727,APAF_HUMAN,reviewed,5 out of 5,DB00171;
O97952,ANDR_MACFA,reviewed,5 out of 5,
O97775,ANDR_PANTR,reviewed,5 out of 5,
P51813,BMX_HUMAN,reviewed,5 out of 5,DB12010;DB15035;
Q6ZU67,BEND4_HUMAN,reviewed,3 out of 5,
Q8CH18,CCAR1_MOUSE,reviewed,5 out of 5,
P22760,AAAD_HUMAN,reviewed,5 out of 5,
Q9NYF8,BCLF1_HUMAN,reviewed,5 out of 5,
Q9UHK6,AMACR_HUMAN,reviewed,5 out of 5,
O95994,AGR2_HUMAN,reviewed,5 out of 5,
O43423,AN32C_HUMAN,reviewed,3 out of 5,
O95626,AN32D_HUMAN,reviewed,2 out of 5,
O97960,ANDR_PAPHA,reviewed,5 out of 5,
Q9GKL7,ANDR_PIG,reviewed,5 out of 5,
O88665,BRD7_MOUSE,reviewed,5 out of 5,
Q05397,FAK1_HUMAN,reviewed,5 out of 5,DB07460;DB07248;DB06423;DB12010;
Q9BXD5,NPL_HUMAN,reviewed,5 out of 5,
Q86YD1,PTOV1_HUMAN,reviewed,5 out of 5,
Q8WXA2,PATE1_HUMAN,reviewed,4 out of 5,
P51587,BRCA2_HUMAN,reviewed,5 out of 5,
P11021,BIP_HUMAN,reviewed,5 out of 5,DB00945;DB00025;DB09130;DB13998;DB13999;
E3P6N3,CYT_AUSSU,reviewed,3 out of 5,
E3P6N5,CYT_OXYMI,reviewed,2 out of 5,
Q8N1I0,DOCK4_HUMAN,reviewed,5 out of 5,
Q2F7J2,GAG_XMRV3,reviewed,5 out of 5,
P08069,IGF1R_HUMAN,reviewed,5 out of 5,DB07156;DB07474;DB05023;DB12267;DB12250;DB01306;DB09564;DB01307;DB00047;DB01309;DB00030;DB00046;DB00071;DB06075;DB01277;DB14751;DB04395;DB05897;DB09098;DB06343;DB05184;
P05111,INHA_HUMAN,reviewed,5 out of 5,
Q53H12,AGK_HUMAN,reviewed,5 out of 5,
Q9H246,CA021_HUMAN,reviewed,2 out of 5,
Q96DR7,ARHGQ_HUMAN,reviewed,5 out of 5,
P19091,ANDR_MOUSE,reviewed,5 out of 5,
P49699,ANDR_RABIT,reviewed,5 out of 5,
P35222,CTNB1_HUMAN,reviewed,5 out of 5,DB03904;
Q13283,G3BP1_HUMAN,reviewed,5 out of 5,
Q9NSV4,DIAP3_HUMAN,reviewed,5 out of 5,
Q9BPW9,DHRS9_HUMAN,reviewed,5 out of 5,
Q5T601,AGRF1_HUMAN,reviewed,5 out of 5,DB05255;
Q6IFT6,ANO7_RAT,reviewed,4 out of 5,
Q9Y5P2,CSAG2_HUMAN,reviewed,3 out of 5,
Q8TEY5,CR3L4_HUMAN,reviewed,5 out of 5,
P41223,BUD31_HUMAN,reviewed,5 out of 5,
Q9Y297,FBW1A_HUMAN,reviewed,5 out of 5,
P22455,FGFR4_HUMAN,reviewed,5 out of 5,DB12147;DB01109;DB09078;DB15102;DB08901;
Q8IX07,FOG1_HUMAN,reviewed,5 out of 5,
O00238,BMR1B_HUMAN,reviewed,5 out of 5,DB12010;
P31749,AKT1_HUMAN,reviewed,5 out of 5,DB07585;DB05971;DB01169;DB00171;DB06486;DB01645;DB01863;DB07584;DB06641;DB02709;
P05093,CP17A_HUMAN,reviewed,5 out of 5,DB05812;DB04630;DB01424;DB09061;DB00882;DB01234;DB14649;DB01026;DB14009;DB14011;DB00157;DB01708;DB00396;DB00421;DB02901;
Q8N126,CADM3_HUMAN,reviewed,5 out of 5,
O88797,DAB2_RAT,reviewed,5 out of 5,
Q9UNQ0,ABCG2_HUMAN,reviewed,5 out of 5,DB12001;DB08916;DB11363;DB00437;DB12015;DB03496;DB11901;DB06605;DB09274;DB15233;DB11995;DB11817;DB00394;DB15982;DB04851;DB12267;DB00921;DB06772;DB00201;DB04690;DB08907;DB09061;DB11791;DB00958;DB00482;DB00439;DB04540;DB00515;DB00242;DB00631;DB00845;DB09065;DB05239;DB00286;DB12483;DB00091;DB08912;DB09102;DB11963;DB00970;DB02115;DB12941;DB09183;DB01254;DB00694;DB11943;DB01234;DB14649;DB00255;DB01248;DB08930;DB00843;DB05928;DB00997;DB00470;DB11952;DB04881;DB06210;DB09038;DB13874;DB00530;DB11827;DB00783;DB13952;DB13953;DB13954;DB13955;DB13956;DB00655;DB00773;DB00973;DB12500;DB09279;DB00544;DB00158;DB12010;DB11796;DB02703;DB00317;DB01645;DB12141;DB11978;DB13879;DB01016;DB01094;DB14538;DB14539;DB14540;DB14541;DB14542;DB14543;DB14544;DB09054;DB00619;DB00762;DB11633;DB11757;DB00602;DB00709;DB00448;DB14723;DB11732;DB09027;DB01097;DB09078;DB12070;DB06448;DB13125;DB14009;DB00563;DB01204;DB00688;DB14011;DB03467;DB00220;DB11820;DB04868;DB09079;DB00698;DB01051;DB09074;DB09296;DB00338;DB09330;DB00526;DB12612;DB09073;DB00213;DB09297;DB06589;DB15102;DB13878;DB08860;DB08901;DB06813;DB15822;DB01708;DB00175;DB00457;DB00396;DB04216;DB01129;DB00481;DB08896;DB11853;DB11855;DB08864;DB00740;DB12457;DB08931;DB14840;DB15305;DB00503;DB06228;DB09291;DB01098;DB12332;DB06654;DB01232;DB15685;DB11689;DB06290;DB08934;DB00398;DB00795;DB00669;DB01268;DB11644;DB11760;DB00675;DB04348;DB12887;DB01079;DB00966;DB00444;DB09299;DB08880;DB00624;DB13943;DB13944;DB13946;DB11712;DB01685;DB01030;DB14962;DB11652;DB15328;DB15091;DB05294;DB11613;DB08881;DB11581;DB00285;DB00541;DB08828;DB12026;DB00549;DB00495;
O95816,BAG2_HUMAN,reviewed,5 out of 5,
P12644,BMP4_HUMAN,reviewed,5 out of 5,DB01373;
E3P6P4,CYT_NAJKA,reviewed,2 out of 5,
C0HLT8,CI2S_ARAAG,reviewed,3 out of 5,
Q08830,FGL1_HUMAN,reviewed,5 out of 5,
P24534,EF1B_HUMAN,reviewed,5 out of 5,
P62805,H4_HUMAN,reviewed,5 out of 5,
Q9BXL5,HEMGN_HUMAN,reviewed,4 out of 5,
Q16667,CDKN3_HUMAN,reviewed,5 out of 5,
Q08554,DSC1_HUMAN,reviewed,5 out of 5,
P07332,FES_HUMAN,reviewed,5 out of 5,DB12010;
Q9BZQ6,EDEM3_HUMAN,reviewed,5 out of 5,
O15371,EIF3D_HUMAN,reviewed,5 out of 5,
P29692,EF1D_HUMAN,reviewed,5 out of 5,
Q86UY5,FA83A_HUMAN,reviewed,5 out of 5,
Q14289,FAK2_HUMAN,reviewed,5 out of 5,DB08341;DB11817;DB12010;DB01645;DB01097;
P00813,ADA_HUMAN,reviewed,5 out of 5,DB07711;DB07783;DB07786;DB04218;DB07785;DB03015;DB02472;DB00640;DB00975;DB14598;DB14600;DB00974;DB05057;DB03220;DB02616;DB02096;DB03572;DB02830;DB03370;DB04440;DB01280;DB00552;DB00277;DB00194;
Q9TT90,ANDR_CANLF,reviewed,5 out of 5,
P49760,CLK2_HUMAN,reviewed,5 out of 5,DB12010;
P39060,COIA1_HUMAN,reviewed,5 out of 5,
Q8IX12,CCAR1_HUMAN,reviewed,5 out of 5,
Q6P9F0,CCD62_HUMAN,reviewed,5 out of 5,
E3P6P3,CYT_MICIK,reviewed,2 out of 5,
Q08495,DEMA_HUMAN,reviewed,5 out of 5,
Q13541,4EBP1_HUMAN,reviewed,5 out of 5,
P38398,BRCA1_HUMAN,reviewed,5 out of 5,
Q07912,ACK1_HUMAN,reviewed,5 out of 5,DB00171;DB04367;DB11986;DB12010;
P22223,CADH3_HUMAN,reviewed,5 out of 5,
E3P6P1,CYT_CRYNI,reviewed,2 out of 5,
P35221,CTNA1_HUMAN,reviewed,5 out of 5,
Q2F7I8,ENV_XMRV4,reviewed,5 out of 5,
Q8TD06,AGR3_HUMAN,reviewed,5 out of 5,
Q14AT5,ANO7_MOUSE,reviewed,5 out of 5,
P15207,ANDR_RAT,reviewed,5 out of 5,
Q86VP6,CAND1_HUMAN,reviewed,5 out of 5,
A1L3X0,ELOV7_HUMAN,reviewed,5 out of 5,
Q13618,CUL3_HUMAN,reviewed,5 out of 5,
P23229,ITA6_HUMAN,reviewed,5 out of 5,
Q6QT55,ANDR_MACMU,reviewed,5 out of 5,
Q9Y3E7,CHMP3_HUMAN,reviewed,5 out of 5,
P54105,ICLN_HUMAN,reviewed,5 out of 5,
Q9UNF1,MAGD2_HUMAN,reviewed,5 out of 5,
Q62240,KDM5D_MOUSE,reviewed,5 out of 5,
A0A319DV72,MLFA_ASPSB,reviewed,3 out of 5,
C0HJA4,LECB2_CRATA,reviewed,3 out of 5,
Q107X0,KRIP1_HUMAN,reviewed,3 out of 5,
P18054,LOX12_HUMAN,reviewed,5 out of 5,
P20794,MAK_HUMAN,reviewed,5 out of 5,
Q538Z0,LUZP6_HUMAN,reviewed,2 out of 5,
P19338,NUCL_HUMAN,reviewed,5 out of 5,
Q8N668,COMD1_HUMAN,reviewed,5 out of 5,
Q8CJH2,DAB1_RAT,reviewed,5 out of 5,
Q2F7J1,ENV_XMRV3,reviewed,5 out of 5,
Q9UM11,FZR1_HUMAN,reviewed,5 out of 5,
P46940,IQGA1_HUMAN,reviewed,5 out of 5,DB11638;
P15311,EZRI_HUMAN,reviewed,5 out of 5,
Q27ID9,GAG_XMRV6,reviewed,5 out of 5,
Q12794,HYAL1_HUMAN,reviewed,5 out of 5,
P17936,IBP3_HUMAN,reviewed,5 out of 5,DB00523;DB01277;
O60841,IF2P_HUMAN,reviewed,5 out of 5,
Q9BZQ8,NIBA1_HUMAN,reviewed,5 out of 5,
O43318,M3K7_HUMAN,reviewed,5 out of 5,
Q04609,FOLH1_HUMAN,reviewed,5 out of 5,DB06928;DB00089;DB07754;DB00142;DB08835;
P08238,HS90B_HUMAN,reviewed,5 out of 5,DB08293;DB08153;DB08292;DB08346;DB08465;DB08045;DB07877;DB02754;DB07594;DB02424;DB08464;DB09221;DB03758;DB06070;DB05134;
Q00839,HNRPU_HUMAN,reviewed,5 out of 5,
Q9BQ69,MACD1_HUMAN,reviewed,5 out of 5,
Q16270,IBP7_HUMAN,reviewed,5 out of 5,DB00071;
A2QYX4,MLFA_ASPNC,reviewed,3 out of 5,
P10909,CLUS_HUMAN,reviewed,5 out of 5,DB09130;DB01593;DB14487;DB14533;DB14548;
Q8TCG1,CIP2A_HUMAN,reviewed,5 out of 5,
P16591,FER_HUMAN,reviewed,5 out of 5,DB12010;
Q9Y5R6,DMRT1_HUMAN,reviewed,5 out of 5,
Q27ID8,ENV_XMRV6,reviewed,5 out of 5,
Q8TCJ0,FBX25_HUMAN,reviewed,5 out of 5,
Q96FX8,PERP_HUMAN,reviewed,5 out of 5,
O60716,CTND1_HUMAN,reviewed,5 out of 5,
P51959,CCNG1_HUMAN,reviewed,5 out of 5,
P0CG10,DERPC_BOVIN,reviewed,2 out of 5,
P0CG14,DERPC_MOUSE,reviewed,2 out of 5,
B2RYL1,DERPC_RAT,reviewed,2 out of 5,
Q96RQ1,ERGI2_HUMAN,reviewed,5 out of 5,
O76087,GAGE7_HUMAN,reviewed,3 out of 5,
P52951,GBX2_HUMAN,reviewed,5 out of 5,
O60934,NBN_HUMAN,reviewed,5 out of 5,
Q13772,NCOA4_HUMAN,reviewed,5 out of 5,
P12830,CADH1_HUMAN,reviewed,5 out of 5,
P17844,DDX5_HUMAN,reviewed,5 out of 5,DB11638;
O60832,DKC1_HUMAN,reviewed,5 out of 5,
Q86SG4,DPCA2_HUMAN,reviewed,2 out of 5,
Q13451,FKBP5_HUMAN,reviewed,5 out of 5,
Q9JIP6,FZD2_MOUSE,reviewed,5 out of 5,
U3KRG0,LECB1_CRATA,reviewed,4 out of 5,
O75444,MAF_HUMAN,reviewed,5 out of 5,
A0A395I3F8,MLFA_ASPHC,reviewed,3 out of 5,
A0A1M3T4K3,MLFA_ASPLC,reviewed,3 out of 5,
Q96PH1,NOX5_HUMAN,reviewed,5 out of 5,
Q9BZQ4,NMNA2_HUMAN,reviewed,5 out of 5,
Q9H1E3,NUCKS_HUMAN,reviewed,5 out of 5,
Q6P730,DAB2P_RAT,reviewed,5 out of 5,
Q9H334,FOXP1_HUMAN,reviewed,5 out of 5,
P27487,DPP4_HUMAN,reviewed,5 out of 5,DB07356;DB06880;DB07072;DB07465;DB08051;DB07081;DB07482;DB07193;DB03253;DB07092;DB07135;DB06994;DB07067;DB06993;DB07154;DB08164;DB07015;DB07851;DB08445;DB07666;DB07830;DB07021;DB04578;DB04577;DB08024;DB07412;DB08588;DB08743;DB01884;DB07181;DB07271;DB08672;DB03660;DB02004;DB08504;DB07239;DB08530;DB08044;DB06203;DB06011;DB01076;DB06127;DB04491;DB11723;DB01276;DB08382;DB08882;DB06655;DB07328;DB06939;DB07779;DB08429;DB05001;DB06335;DB13928;DB01261;DB04876;
Q8NDI1,EHBP1_HUMAN,reviewed,5 out of 5,
Q92731,ESR2_HUMAN,reviewed,5 out of 5,DB07638;DB07036;DB08020;DB07757;DB07119;DB07702;DB07032;DB07009;DB13869;DB07236;DB07230;DB04020;DB07150;DB06937;DB03882;DB07198;DB06927;DB04468;DB06249;DB06401;DB01878;DB05882;DB00286;DB00255;DB11219;DB11674;DB06875;DB07933;DB00783;DB13952;DB13953;DB13954;DB13955;DB13956;DB01196;DB04573;DB14641;DB00655;DB04574;DB09086;DB15690;DB01645;DB03860;DB06202;DB05052;DB03467;DB09535;DB01428;DB02983;DB02746;DB01708;DB06832;DB00396;DB02757;DB04216;DB00481;DB00675;DB05966;DB01108;
P07203,GPX1_HUMAN,reviewed,5 out of 5,DB09061;DB00143;DB03310;DB11091;DB14009;DB14011;DB09221;DB11127;DB11590;
P49841,GSK3B_HUMAN,reviewed,5 out of 5,DB08073;DB07149;DB07014;DB07676;DB01772;DB07859;DB07585;DB07058;DB03444;DB04014;DB01950;DB12010;DB02052;DB07947;DB14509;DB01356;DB14507;DB14508;DB07812;DB07584;DB04395;DB01793;DB02010;DB12129;
P10721,KIT_HUMAN,reviewed,5 out of 5,DB06080;DB12742;DB09103;DB15233;DB01254;DB12147;DB12010;DB00619;DB09078;DB06595;DB04868;DB05913;DB06589;DB12978;DB01962;DB08901;DB08896;DB14840;DB00398;DB01268;DB05146;
Q13442,HAP28_HUMAN,reviewed,4 out of 5,
P12814,ACTN1_HUMAN,reviewed,5 out of 5,DB09130;DB06773;
E3P6N9,CYT_TROCA,reviewed,2 out of 5,
Q15369,ELOC_HUMAN,reviewed,5 out of 5,
Q9NZC4,EHF_HUMAN,reviewed,5 out of 5,
Q03113,GNA12_HUMAN,reviewed,5 out of 5,
Q14344,GNA13_HUMAN,reviewed,5 out of 5,
Q8TDV2,GP148_HUMAN,reviewed,4 out of 5,
Q8NEM0,MCPH1_HUMAN,reviewed,5 out of 5,
P78413,IRX4_HUMAN,reviewed,5 out of 5,
Q969P0,IGSF8_HUMAN,reviewed,5 out of 5,
Q30DN6,KDM5D_CANLF,reviewed,4 out of 5,
Q9BY66,KDM5D_HUMAN,reviewed,5 out of 5,DB00126;
N0EAL3,NDB28_ANDMU,reviewed,3 out of 5,
Q6IA86,ELP2_HUMAN,reviewed,5 out of 5,
Q8NFI4,F10A5_HUMAN,reviewed,3 out of 5,
P05412,JUN_HUMAN,reviewed,5 out of 5,DB00210;DB01169;DB01029;DB05785;DB00852;DB00570;
Q99527,GPER1_HUMAN,reviewed,5 out of 5,DB00783;DB13952;DB13953;DB13954;DB13955;DB13956;DB01645;DB05939;
O00270,GPR31_HUMAN,reviewed,5 out of 5,
Q4ZG55,GREB1_HUMAN,reviewed,5 out of 5,
P13861,KAP2_HUMAN,reviewed,5 out of 5,DB05798;
Q05209,PTN12_HUMAN,reviewed,5 out of 5,DB01133;
P49736,MCM2_HUMAN,reviewed,5 out of 5,
P25205,MCM3_HUMAN,reviewed,5 out of 5,
Q9BRT3,MIEN1_HUMAN,reviewed,5 out of 5,
P55081,MFAP1_HUMAN,reviewed,5 out of 5,
Q96L73,NSD1_HUMAN,reviewed,5 out of 5,
P11717,MPRI_HUMAN,reviewed,5 out of 5,DB02900;DB13173;DB01277;DB14751;
Q9Y6Q9,NCOA3_HUMAN,reviewed,5 out of 5,
Q9UJF2,NGAP_HUMAN,reviewed,5 out of 5,
Q16512,PKN1_HUMAN,reviewed,5 out of 5,DB12010;
Q6P5Z2,PKN3_HUMAN,reviewed,5 out of 5,
Q6UXB8,PI16_HUMAN,reviewed,5 out of 5,
Q96J94,PIWL1_HUMAN,reviewed,5 out of 5,
O75928,PIAS2_HUMAN,reviewed,5 out of 5,
Q9Y6X2,PIAS3_HUMAN,reviewed,5 out of 5,
O75688,PPM1B_HUMAN,reviewed,5 out of 5,
Q149M9,NWD1_HUMAN,reviewed,5 out of 5,
Q86Z02,HIPK1_HUMAN,reviewed,5 out of 5,
P07900,HS90A_HUMAN,reviewed,5 out of 5,DB07317;DB08197;DB08443;DB08557;DB08789;DB06969;DB08788;DB07324;DB02840;DB03749;DB08787;DB08786;DB07502;DB07100;DB06957;DB07601;DB08194;DB08442;DB07495;DB06964;DB06961;DB06958;DB07319;DB03137;DB03093;DB02550;DB04505;DB07877;DB04254;DB08436;DB04054;DB02359;DB03504;DB02754;DB03809;DB03899;DB12442;DB07594;DB09130;DB02424;DB06956;DB07325;DB04588;DB00716;DB09221;DB04216;DB00615;DB06070;DB05134;
Q1L6U9,MSMP_HUMAN,reviewed,4 out of 5,
Q2TBC4,PRIC4_HUMAN,reviewed,4 out of 5,
O75747,P3C2G_HUMAN,reviewed,5 out of 5,DB12010;
Q6UWI2,PARM1_HUMAN,reviewed,5 out of 5,
Q02156,KPCE_HUMAN,reviewed,5 out of 5,DB11752;DB12010;DB06064;DB00675;
O60711,LPXN_HUMAN,reviewed,5 out of 5,
Q92597,NDRG1_HUMAN,reviewed,5 out of 5,
P46821,MAP1B_HUMAN,reviewed,5 out of 5,
Q9Y6D9,MD1L1_HUMAN,reviewed,5 out of 5,
Q9H2R5,KLK15_HUMAN,reviewed,5 out of 5,
Q5XUN4,KDM5D_PANTR,reviewed,4 out of 5,
P42166,LAP2A_HUMAN,reviewed,5 out of 5,
P42167,LAP2B_HUMAN,reviewed,5 out of 5,
A0A317VEE1,MLFA_ASPEC,reviewed,3 out of 5,
A0A319A6V2,MLFA_ASPLB,reviewed,3 out of 5,
A0A318Z3U0,MLFA_ASPNB,reviewed,3 out of 5,
A0A319BQC1,MLFA_ASPVC,reviewed,3 out of 5,
Q99801,NKX31_HUMAN,reviewed,5 out of 5,
O95665,NTR2_HUMAN,reviewed,5 out of 5,DB01106;
Q04900,MUC24_HUMAN,reviewed,5 out of 5,
O75459,PAGE1_HUMAN,reviewed,5 out of 5,
O60829,PAGE4_HUMAN,reviewed,5 out of 5,
P11309,PIM1_HUMAN,reviewed,5 out of 5,DB08022;DB03650;DB07242;DB08166;DB08709;DB01754;DB07151;DB08707;DB08705;DB03777;DB04522;DB12010;DB03366;DB04715;DB02656;DB08708;DB07524;DB04395;DB04216;DB04530;DB02010;DB08230;
D3DTV9,PRAC2_HUMAN,reviewed,2 out of 5,
P30989,NTR1_HUMAN,reviewed,5 out of 5,
Q9Y6I8,PXMP4_HUMAN,reviewed,4 out of 5,
Q92993,KAT5_HUMAN,reviewed,5 out of 5,DB01992;DB02039;
O43240,KLK10_HUMAN,reviewed,4 out of 5,
A0A1L9U7P9,MLFA_ASPBC,reviewed,3 out of 5,
G3XUF0,MLFA_ASPNA,reviewed,3 out of 5,
Q15743,OGR1_HUMAN,reviewed,5 out of 5,
O00264,PGRC1_HUMAN,reviewed,5 out of 5,DB00514;DB00540;DB01104;
O15541,R113A_HUMAN,reviewed,5 out of 5,
P09619,PGFRB_HUMAN,reviewed,5 out of 5,DB00102;DB01254;DB12147;DB10770;DB12010;DB00619;DB06595;DB09079;DB06589;DB12978;DB09221;DB15822;DB08896;DB14840;DB00398;DB01268;DB09283;DB05146;DB05014;
Q969W9,PMEPA_HUMAN,reviewed,5 out of 5,
Q8N271,PROM2_HUMAN,reviewed,5 out of 5,
P15309,PPAP_HUMAN,reviewed,5 out of 5,DB03390;DB03577;DB06688;
Q9UKM9,RALY_HUMAN,reviewed,5 out of 5,
Q8IZL9,CDK20_HUMAN,reviewed,5 out of 5,
P56937,DHB7_HUMAN,reviewed,5 out of 5,DB00157;
Q6P1J9,CDC73_HUMAN,reviewed,5 out of 5,
P27701,CD82_HUMAN,reviewed,5 out of 5,
Q2F7I9,GAG_XMRV4,reviewed,5 out of 5,
P51858,HDGF_HUMAN,reviewed,5 out of 5,DB09130;
Q96PU5,NED4L_HUMAN,reviewed,5 out of 5,
Q8K045,PKN3_MOUSE,reviewed,5 out of 5,
Q8R366,IGSF8_MOUSE,reviewed,5 out of 5,
Q8NAC3,I17RC_HUMAN,reviewed,5 out of 5,
Q9UL03,INT6_HUMAN,reviewed,5 out of 5,
P78411,IRX5_HUMAN,reviewed,5 out of 5,
Q9Y2M5,KLH20_HUMAN,reviewed,5 out of 5,
O75376,NCOR1_HUMAN,reviewed,5 out of 5,
O94851,MICA2_HUMAN,reviewed,5 out of 5,
Q9H8P0,PORED_HUMAN,reviewed,5 out of 5,DB00717;DB00421;DB13943;DB13944;DB01420;DB13946;
Q9Y4L5,RN115_HUMAN,reviewed,5 out of 5,
Q02880,TOP2B_HUMAN,reviewed,5 out of 5,DB08651;DB05022;DB06362;DB00970;DB00694;DB06421;DB00380;DB00773;DB04395;DB05488;DB06042;
O15393,TMPS2_HUMAN,reviewed,5 out of 5,DB13729;
Q5MJ08,SPXN4_HUMAN,reviewed,2 out of 5,
Q9HD64,XAGE1_HUMAN,reviewed,4 out of 5,
O15164,TIF1A_HUMAN,reviewed,5 out of 5,
Q9Y4C2,TCAF1_HUMAN,reviewed,5 out of 5,
Q01831,XPC_HUMAN,reviewed,5 out of 5,
A1Z651,POL_XMRV6,reviewed,5 out of 5,
Q6UWB4,PRS55_HUMAN,reviewed,5 out of 5,
Q13610,PWP1_HUMAN,reviewed,5 out of 5,
Q12974,TP4A2_HUMAN,reviewed,5 out of 5,
Q14166,TTL12_HUMAN,reviewed,5 out of 5,
Q01534,TSPY1_HUMAN,reviewed,5 out of 5,
Q16637,SMN_HUMAN,reviewed,5 out of 5,
P25788,PSA3_HUMAN,reviewed,5 out of 5,DB08515;DB12695;
P17812,PYRG1_HUMAN,reviewed,5 out of 5,DB00130;
Q5VSR9,SPXN1_HUMAN,reviewed,2 out of 5,
Q5T5J6,SWT1_HUMAN,reviewed,3 out of 5,
P49796,RGS3_HUMAN,reviewed,5 out of 5,
Q15185,TEBP_HUMAN,reviewed,5 out of 5,DB00316;DB09130;DB05036;
Q9Y5X1,SNX9_HUMAN,reviewed,5 out of 5,
Q64127,TIF1A_MOUSE,reviewed,5 out of 5,
Q8WUY3,PRUN2_HUMAN,reviewed,5 out of 5,
P45658,SCX4_ANDAU,reviewed,5 out of 5,
P40763,STAT3_HUMAN,reviewed,5 out of 5,DB05959;
P42227,STAT3_MOUSE,reviewed,5 out of 5,
Q9NS26,SPNXA_HUMAN,reviewed,4 out of 5,
P23512,FOXA1_RAT,reviewed,5 out of 5,
O14818,PSA7_HUMAN,reviewed,5 out of 5,DB08515;DB07558;
Q13547,HDAC1_HUMAN,reviewed,5 out of 5,DB12565;DB01169;DB05015;DB08868;DB11830;DB06603;DB05223;DB06176;DB02546;DB01593;DB14487;DB14533;DB14548;
Q9Y337,KLK5_HUMAN,reviewed,5 out of 5,
G7XQ31,MLFA_ASPKW,reviewed,3 out of 5,
A0A1L9NGU5,MLFA_ASPTC,reviewed,3 out of 5,
P35579,MYH9_HUMAN,reviewed,5 out of 5,DB11638;
Q9NTI5,PDS5B_HUMAN,reviewed,5 out of 5,
Q6TRW4,PDS5B_RAT,reviewed,5 out of 5,
Q8IYK4,GT252_HUMAN,reviewed,5 out of 5,
P27816,MAP4_HUMAN,reviewed,5 out of 5,DB11638;DB01248;DB01229;
O15553,MEFV_HUMAN,reviewed,5 out of 5,
Q8TCB6,O51E1_HUMAN,reviewed,4 out of 5,
P57771,RGS8_HUMAN,reviewed,5 out of 5,
Q3B7M7,RMP_BOVIN,reviewed,5 out of 5,
Q95KI5,S45A3_MACFA,reviewed,2 out of 5,
Q9UIK5,TEFF2_HUMAN,reviewed,5 out of 5,
Q9WTP3,SPDEF_MOUSE,reviewed,5 out of 5,
Q13043,STK4_HUMAN,reviewed,5 out of 5,
Q58A44,PCOTH_HUMAN,reviewed,2 out of 5,
Q9NQU5,PAK6_HUMAN,reviewed,5 out of 5,DB12010;
P29590,PML_HUMAN,reviewed,5 out of 5,DB01169;
Q8IZP2,ST134_HUMAN,reviewed,3 out of 5,
Q8N695,SC5A8_HUMAN,reviewed,5 out of 5,DB01762;DB00121;DB08872;DB08949;DB00627;
P36897,TGFR1_HUMAN,reviewed,5 out of 5,DB07267;DB04480;DB03921;DB12010;DB08450;DB07152;DB04434;
Q15746,MYLK_HUMAN,reviewed,5 out of 5,DB12010;
P50539,MXI1_HUMAN,reviewed,5 out of 5,
O00567,NOP56_HUMAN,reviewed,5 out of 5,
Q9H255,O51E2_HUMAN,reviewed,5 out of 5,
Q9Y618,NCOR2_HUMAN,reviewed,5 out of 5,
P67775,PP2AA_HUMAN,reviewed,5 out of 5,DB06905;DB02506;DB00163;
O00592,PODXL_HUMAN,reviewed,5 out of 5,
Q8N2W9,PIAS4_HUMAN,reviewed,5 out of 5,
O46685,OGR1_BOVIN,reviewed,3 out of 5,
Q92781,RDH5_HUMAN,reviewed,5 out of 5,DB00157;DB00162;
Q12770,SCAP_HUMAN,reviewed,5 out of 5,
Q9ULU4,PKCB1_HUMAN,reviewed,5 out of 5,
Q86YR6,POTED_HUMAN,reviewed,3 out of 5,
O75925,PIAS1_HUMAN,reviewed,5 out of 5,
Q96IZ0,PAWR_HUMAN,reviewed,5 out of 5,
Q2F7J3,POL_XMRV3,reviewed,5 out of 5,
P27169,PON1_HUMAN,reviewed,5 out of 5,DB01327;DB09130;DB01395;DB14598;DB14600;DB14596;DB01593;DB14487;DB14533;DB14548;
O95238,SPDEF_HUMAN,reviewed,5 out of 5,
A0A0F6T5G3,A0A0F6T5G3_9RHAB,unreviewed,4 out of 5,
A0A0F6T4R2,A0A0F6T4R2_9RHAB,unreviewed,4 out of 5,
A0A0F6QN84,A0A0F6QN84_9RHAB,unreviewed,2 out of 5,
A0A0F6T5G9,A0A0F6T5G9_9RHAB,unreviewed,4 out of 5,
A0A0F6T5G7,A0A0F6T5G7_9RHAB,unreviewed,2 out of 5,
A0A0F6T4Q6,A0A0F6T4Q6_9RHAB,unreviewed,2 out of 5,
A0A0F6QND2,A0A0F6QND2_9RHAB,unreviewed,2 out of 5,
A0A0F6QN82,A0A0F6QN82_9RHAB,unreviewed,2 out of 5,
A0A0F6QME3,A0A0F6QME3_9RHAB,unreviewed,2 out of 5,
A0A0F6T5G5,A0A0F6T5G5_9RHAB,unreviewed,4 out of 5,
A0A0F6T5D9,A0A0F6T5D9_9RHAB,unreviewed,4 out of 5,
A0A0F6QPJ6,A0A0F6QPJ6_9RHAB,unreviewed,1 out of 5,
A0A0F6T5H5,A0A0F6T5H5_9RHAB,unreviewed,4 out of 5,
A0A0F6QM73,A0A0F6QM73_9RHAB,unreviewed,1 out of 5,
I4IY07,I4IY07_CANLF,unreviewed,2 out of 5,
A0A0F6QNC7,A0A0F6QNC7_9RHAB,unreviewed,2 out of 5,
A0A0F6T4N9,A0A0F6T4N9_9RHAB,unreviewed,4 out of 5,
A0A0F6T5H7,A0A0F6T5H7_9RHAB,unreviewed,4 out of 5,
A0A0F6T4N3,A0A0F6T4N3_9RHAB,unreviewed,2 out of 5,
A0A0F6T4S2,A0A0F6T4S2_9RHAB,unreviewed,4 out of 5,
A0A0F6QM76,A0A0F6QM76_9RHAB,unreviewed,1 out of 5,
A0A0F6QM70,A0A0F6QM70_9RHAB,unreviewed,1 out of 5,
A0A0F6QPI6,A0A0F6QPI6_9RHAB,unreviewed,1 out of 5,
A0A0F6QNA7,A0A0F6QNA7_9RHAB,unreviewed,2 out of 5,
A0A0F6T5K1,A0A0F6T5K1_9RHAB,unreviewed,4 out of 5,
A0A0F6T5I1,A0A0F6T5I1_9RHAB,unreviewed,4 out of 5,
A0A0F6QNB5,A0A0F6QNB5_9RHAB,unreviewed,2 out of 5,
A0A0F6T4P8,A0A0F6T4P8_9RHAB,unreviewed,4 out of 5,
A0A3Q1LQZ8,A0A3Q1LQZ8_BOVIN,unreviewed,1 out of 5,
A0A7F8K9X2,A0A7F8K9X2_DELLE,unreviewed,1 out of 5,
Q32WI8,Q32WI8_PANTR,unreviewed,1 out of 5,
Q9ESV9,Q9ESV9_RAT,unreviewed,1 out of 5,
Q8CGW6,Q8CGW6_RAT,unreviewed,1 out of 5,
Q9ESV8,Q9ESV8_RAT,unreviewed,1 out of 5,
Q924J9,Q924J9_MOUSE,unreviewed,1 out of 5,
A0A6G0J2K1,A0A6G0J2K1_LARCR,unreviewed,1 out of 5,
A0A0F6T5J0,A0A0F6T5J0_9RHAB,unreviewed,4 out of 5,
A0A0F6QNC1,A0A0F6QNC1_9RHAB,unreviewed,2 out of 5,
A0A0F6QPH5,A0A0F6QPH5_9RHAB,unreviewed,1 out of 5,
A0A0F6T4N7,A0A0F6T4N7_9RHAB,unreviewed,4 out of 5,
A0A0F6T4T5,A0A0F6T4T5_9RHAB,unreviewed,4 out of 5,
A0A0F6QNC4,A0A0F6QNC4_9RHAB,unreviewed,2 out of 5,
A0A0F6T5K0,A0A0F6T5K0_9RHAB,unreviewed,4 out of 5,
A0A0F6T5J2,A0A0F6T5J2_9RHAB,unreviewed,4 out of 5,
A0A0F6QND5,A0A0F6QND5_9RHAB,unreviewed,2 out of 5,
A0A0F6T4Q8,A0A0F6T4Q8_9RHAB,unreviewed,4 out of 5,
A0A0F6QPI9,A0A0F6QPI9_9RHAB,unreviewed,1 out of 5,
A0A0F6T5I8,A0A0F6T5I8_9RHAB,unreviewed,4 out of 5,
A0A0F6QNB8,A0A0F6QNB8_9RHAB,unreviewed,2 out of 5,
A0A0F6T5F0,A0A0F6T5F0_9RHAB,unreviewed,4 out of 5,
A0A0F6T4R9,A0A0F6T4R9_9RHAB,unreviewed,4 out of 5,
A0A0F6T5H1,A0A0F6T5H1_9RHAB,unreviewed,4 out of 5,
A0A0F6T4Q1,A0A0F6T4Q1_9RHAB,unreviewed,4 out of 5,
A0A0F6T5F9,A0A0F6T5F9_9RHAB,unreviewed,2 out of 5,
A0A0F6QN96,A0A0F6QN96_9RHAB,unreviewed,2 out of 5,
Q0ZNL1,Q0ZNL1_CANLF,unreviewed,1 out of 5,
Q0ZNL0,Q0ZNL0_CANLF,unreviewed,1 out of 5,
A0A7E6CM65,A0A7E6CM65_9CHIR,unreviewed,1 out of 5,
A0A6J3A5R9,A0A6J3A5R9_VICPA,unreviewed,1 out of 5,
A0A6J3QF57,A0A6J3QF57_TURTR,unreviewed,1 out of 5,
Q0ZNK8,Q0ZNK8_CANLF,unreviewed,1 out of 5,
Q0ZNL6,Q0ZNL6_CANLU,unreviewed,1 out of 5,
Q0ZNL7,Q0ZNL7_CANLU,unreviewed,1 out of 5,
Q0ZNK2,Q0ZNK2_PANTR,unreviewed,1 out of 5,
A0A7F8QI41,A0A7F8QI41_LEPWE,unreviewed,1 out of 5,
Q4F5X8,Q4F5X8_HUMAN,unreviewed,3 out of 5,
Q36733,Q36733_HUMAN,unreviewed,3 out of 5,
E9PL71,E9PL71_HUMAN,unreviewed,1 out of 5,
Q0P6N6,Q0P6N6_HUMAN,unreviewed,2 out of 5,
Q9B1K9,Q9B1K9_HUMAN,unreviewed,2 out of 5,
B2XGZ3,B2XGZ3_HUMAN,unreviewed,2 out of 5,
G3XAM7,G3XAM7_HUMAN,unreviewed,3 out of 5,
C3TX97,C3TX97_HUMAN,unreviewed,1 out of 5,
Q7GXZ5,Q7GXZ5_HUMAN,unreviewed,3 out of 5,
Q85KW9,Q85KW9_HUMAN,unreviewed,2 out of 5,
A0A6P9F4V7,A0A6P9F4V7_ZALCA,unreviewed,1 out of 5,
F6XMP7,F6XMP7_CANLF,unreviewed,3 out of 5,
A0A6J3ICE6,A0A6J3ICE6_SAPAP,unreviewed,1 out of 5,
Q6SJ85,Q6SJ85_9PRIM,unreviewed,1 out of 5,
I7GKT2,I7GKT2_MACFA,unreviewed,1 out of 5,
D5L9K4,D5L9K4_9GAMR,unreviewed,1 out of 5,
H6WAZ9,H6WAZ9_9GAMR,unreviewed,1 out of 5,
D5L9L7,D5L9L7_9GAMR,unreviewed,1 out of 5,
F8UU42,F8UU42_9GAMR,unreviewed,1 out of 5,
F2QL75,F2QL75_9GAMR,unreviewed,2 out of 5,
F8UU39,F8UU39_9GAMR,unreviewed,1 out of 5,
F8UU37,F8UU37_9GAMR,unreviewed,2 out of 5,
D5L9K9,D5L9K9_9GAMR,unreviewed,1 out of 5,
F2QL69,F2QL69_9GAMR,unreviewed,1 out of 5,
D5L9L1,D5L9L1_9GAMR,unreviewed,1 out of 5,
F4YFL0,F4YFL0_9GAMR,unreviewed,2 out of 5,
D5L9L3,D5L9L3_9GAMR,unreviewed,1 out of 5,
D5L9L5,D5L9L5_9GAMR,unreviewed,1 out of 5,
H6WB02,H6WB02_9GAMR,unreviewed,1 out of 5,
F2QL64,F2QL64_9GAMR,unreviewed,1 out of 5,
D5L9K7,D5L9K7_9GAMR,unreviewed,1 out of 5,
F2QL70,F2QL70_9GAMR,unreviewed,1 out of 5,
H6WB01,H6WB01_9GAMR,unreviewed,1 out of 5,
F2QL66,F2QL66_9GAMR,unreviewed,1 out of 5,
F4YFK9,F4YFK9_9GAMR,unreviewed,2 out of 5,
H6WAZ7,H6WAZ7_9GAMR,unreviewed,1 out of 5,
F8UU41,F8UU41_9GAMR,unreviewed,5 out of 5,
F8UU43,F8UU43_9GAMR,unreviewed,2 out of 5,
H6WB00,H6WB00_9GAMR,unreviewed,1 out of 5,
F4YFK8,F4YFK8_9GAMR,unreviewed,1 out of 5,
F8UU38,F8UU38_9GAMR,unreviewed,5 out of 5,
D5L9L6,D5L9L6_9GAMR,unreviewed,1 out of 5,
F2QL73,F2QL73_9GAMR,unreviewed,4 out of 5,
F4YFL1,F4YFL1_9GAMR,unreviewed,1 out of 5,
F8UU35,F8UU35_9GAMR,unreviewed,5 out of 5,
D5L9K6,D5L9K6_9GAMR,unreviewed,1 out of 5,
F2QL68,F2QL68_9GAMR,unreviewed,1 out of 5,
F4YFK7,F4YFK7_9GAMR,unreviewed,1 out of 5,
F8LFQ8,F8LFQ8_9GAMR,unreviewed,4 out of 5,
D5L9L2,D5L9L2_9GAMR,unreviewed,1 out of 5,
F8LFQ9,F8LFQ9_9GAMR,unreviewed,2 out of 5,
D5L9K5,D5L9K5_9GAMR,unreviewed,1 out of 5,
D5L9K3,D5L9K3_9GAMR,unreviewed,1 out of 5,
D5L9L0,D5L9L0_9GAMR,unreviewed,1 out of 5,
F2QL67,F2QL67_9GAMR,unreviewed,1 out of 5,
F4ZL01,F4ZL01_9GAMR,unreviewed,1 out of 5,
F2QL74,F2QL74_9GAMR,unreviewed,2 out of 5,
F2QL71,F2QL71_9GAMR,unreviewed,1 out of 5,